cluster_id,n_proteins
768.0,173
83.0,137
394.0,121
55.0,121
622.0,120
596.0,111
699.0,104
676.0,104
621.0,94
601.0,77
526.0,73
334.0,69
633.0,66
645.0,66
406.0,60
463.0,60
298.0,48
200.0,47
753.0,42
365.0,42
106.0,41
644.0,39
74.0,38
156.0,36
668.0,34
457.0,31
439.0,31
708.0,30
162.0,30
113.0,28
488.0,28
650.0,28
464.0,28
143.0,24
95.0,24
667.0,24
617.0,21
308.0,21
467.0,21
589.0,21
565.0,20
427.0,20
191.0,19
704.0,18
362.0,18
522.0,17
81.0,17
122.0,17
225.0,16
678.0,16
694.0,16
132.0,16
343.0,16
110.0,16
605.0,15
514.0,15
515.0,15
806.0,15
436.0,14
769.0,14
155.0,14
483.0,14
360.0,14
725.0,14
541.0,13
468.0,12
209.0,12
428.0,12
664.0,12
492.0,12
523.0,12
789.0,12
723.0,12
611.0,12
103.0,11
218.0,11
270.0,11
754.0,11
51.0,11
203.0,11
717.0,11
512.0,11
332.0,11
323.0,11
551.0,11
554.0,11
803.0,11
618.0,10
114.0,10
594.0,10
604.0,10
92.0,10
449.0,10
516.0,10
145.0,10
60.0,10
121.0,10
716.0,10
568.0,10
289.0,10
161.0,9
474.0,9
415.0,9
194.0,9
460.0,9
48.0,9
592.0,9
610.0,8
752.0,8
513.0,8
351.0,8
435.0,8
41.0,8
309.0,8
269.0,8
430.0,8
37.0,8
198.0,7
124.0,7
652.0,7
510.0,7
775.0,7
609.0,7
607.0,7
247.0,7
637.0,7
798.0,7
13.0,7
63.0,7
441.0,7
261.0,7
82.0,7
505.0,7
228.0,7
8.0,7
368.0,7
337.0,7
354.0,7
279.0,7
661.0,6
462.0,6
443.0,6
123.0,6
159.0,6
580.0,6
546.0,6
727.0,6
662.0,6
627.0,6
387.0,6
296.0,6
573.0,6
549.0,6
98.0,6
221.0,6
235.0,6
38.0,6
450.0,6
46.0,5
27.0,5
697.0,5
29.0,5
783.0,5
438.0,5
771.0,5
773.0,5
293.0,5
292.0,5
178.0,5
88.0,5
152.0,5
341.0,5
506.0,5
660.0,5
330.0,5
277.0,5
391.0,5
595.0,5
646.0,5
52.0,5
649.0,5
192.0,5
375.0,5
502.0,5
623.0,5
625.0,5
364.0,5
246.0,5
258.0,5
442.0,5
528.0,5
311.0,5
653.0,5
672.0,5
160.0,5
475.0,5
481.0,5
7.0,4
555.0,4
195.0,4
202.0,4
314.0,4
271.0,4
451.0,4
458.0,4
68.0,4
476.0,4
469.0,4
735.0,4
389.0,4
116.0,4
588.0,4
574.0,4
186.0,4
537.0,4
552.0,4
89.0,4
47.0,4
42.0,4
665.0,4
358.0,4
651.0,4
383.0,4
237.0,4
602.0,4
603.0,4
614.0,4
380.0,4
531.0,4
779.0,4
742.0,4
58.0,4
416.0,4
487.0,3
802.0,3
737.0,3
400.0,3
404.0,3
454.0,3
31.0,3
445.0,3
691.0,3
718.0,3
766.0,3
393.0,3
338.0,3
125.0,3
518.0,3
386.0,3
252.0,3
255.0,3
263.0,3
128.0,3
118.0,3
135.0,3
266.0,3
268.0,3
638.0,3
713.0,3
715.0,3
656.0,3
659.0,3
109.0,3
223.0,3
226.0,3
231.0,3
693.0,3
346.0,3
347.0,3
348.0,3
333.0,3
356.0,3
306.0,3
297.0,3
241.0,3
243.0,3
294.0,3
572.0,3
166.0,3
673.0,3
498.0,3
344.0,3
142.0,3
472.0,3
99.0,3
34.0,3
44.0,3
30.0,3
527.0,3
525.0,3
736.0,3
556.0,3
199.0,3
327.0,3
581.0,3
796.0,3
799.0,3
801.0,3
14.0,3
767.0,3
477.0,3
397.0,3
641.0,3
529.0,3
530.0,3
66.0,3
17.0,3
774.0,2
800.0,2
804.0,2
807.0,2
810.0,2
424.0,2
425.0,2
724.0,2
57.0,2
45.0,2
65.0,2
72.0,2
414.0,2
322.0,2
331.0,2
317.0,2
187.0,2
188.0,2
174.0,2
201.0,2
146.0,2
272.0,2
275.0,2
534.0,2
679.0,2
684.0,2
626.0,2
183.0,2
80.0,2
134.0,2
163.0,2
168.0,2
172.0,2
111.0,2
165.0,2
674.0,2
497.0,2
570.0,2
558.0,2
576.0,2
577.0,2
578.0,2
579.0,2
583.0,2
177.0,2
179.0,2
262.0,2
569.0,2
359.0,2
361.0,2
357.0,2
504.0,2
508.0,2
511.0,2
685.0,2
705.0,2
220.0,2
224.0,2
233.0,2
236.0,2
175.0,2
712.0,2
709.0,2
120.0,2
267.0,2
254.0,2
648.0,2
215.0,2
127.0,2
130.0,2
117.0,2
137.0,2
140.0,2
256.0,2
257.0,2
245.0,2
265.0,2
79.0,2
520.0,2
466.0,2
374.0,2
392.0,2
396.0,2
336.0,2
339.0,2
340.0,2
615.0,2
619.0,2
248.0,2
250.0,2
251.0,2
36.0,2
39.0,2
43.0,2
788.0,2
87.0,2
85.0,2
104.0,2
399.0,2
26.0,2
32.0,2
33.0,2
102.0,2
729.0,2
726.0,2
733.0,2
690.0,2
700.0,2
461.0,2
470.0,2
62.0,2
755.0,2
69.0,2
444.0,2
452.0,2
478.0,2
419.0,2
372.0,2
422.0,2
791.0,2
764.0,2
16.0,2
812.0,2
20.0,2
18.0,2
757.0,2
0.0,2
776.0,2
631.0,2
634.0,2
582.0,2
312.0,2
301.0,2
1.0,1
6.0,1
9.0,1
10.0,1
11.0,1
777.0,1
778.0,1
780.0,1
765.0,1
770.0,1
772.0,1
758.0,1
759.0,1
760.0,1
761.0,1
762.0,1
763.0,1
749.0,1
750.0,1
784.0,1
785.0,1
91.0,1
77.0,1
78.0,1
751.0,1
756.0,1
70.0,1
71.0,1
73.0,1
108.0,1
93.0,1
94.0,1
96.0,1
97.0,1
100.0,1
86.0,1
90.0,1
730.0,1
731.0,1
732.0,1
49.0,1
50.0,1
101.0,1
105.0,1
107.0,1
746.0,1
747.0,1
748.0,1
734.0,1
738.0,1
739.0,1
740.0,1
728.0,1
473.0,1
335.0,1
390.0,1
395.0,1
381.0,1
382.0,1
384.0,1
385.0,1
489.0,1
490.0,1
491.0,1
479.0,1
480.0,1
482.0,1
484.0,1
471.0,1
412.0,1
398.0,1
431.0,1
432.0,1
433.0,1
434.0,1
485.0,1
486.0,1
418.0,1
420.0,1
405.0,1
407.0,1
408.0,1
409.0,1
410.0,1
411.0,1
350.0,1
352.0,1
353.0,1
355.0,1
342.0,1
345.0,1
495.0,1
496.0,1
493.0,1
494.0,1
303.0,1
304.0,1
305.0,1
307.0,1
363.0,1
349.0,1
517.0,1
519.0,1
521.0,1
524.0,1
509.0,1
501.0,1
503.0,1
507.0,1
388.0,1
373.0,1
376.0,1
377.0,1
378.0,1
379.0,1
366.0,1
465.0,1
319.0,1
320.0,1
321.0,1
324.0,1
310.0,1
313.0,1
315.0,1
316.0,1
273.0,1
274.0,1
276.0,1
325.0,1
326.0,1
328.0,1
329.0,1
318.0,1
547.0,1
548.0,1
533.0,1
535.0,1
536.0,1
538.0,1
539.0,1
540.0,1
499.0,1
500.0,1
550.0,1
553.0,1
542.0,1
543.0,1
544.0,1
545.0,1
278.0,1
280.0,1
281.0,1
282.0,1
283.0,1
284.0,1
207.0,1
208.0,1
299.0,1
300.0,1
285.0,1
286.0,1
287.0,1
288.0,1
290.0,1
291.0,1
567.0,1
571.0,1
557.0,1
239.0,1
240.0,1
242.0,1
244.0,1
295.0,1
302.0,1
532.0,1
584.0,1
585.0,1
586.0,1
587.0,1
575.0,1
566.0,1
600.0,1
590.0,1
176.0,1
180.0,1
229.0,1
230.0,1
232.0,1
234.0,1
616.0,1
620.0,1
606.0,1
608.0,1
612.0,1
597.0,1
598.0,1
599.0,1
238.0,1
559.0,1
560.0,1
561.0,1
562.0,1
563.0,1
564.0,1
613.0,1
210.0,1
211.0,1
212.0,1
264.0,1
253.0,1
259.0,1
260.0,1
249.0,1
197.0,1
204.0,1
189.0,1
190.0,1
193.0,1
196.0,1
181.0,1
182.0,1
629.0,1
630.0,1
632.0,1
635.0,1
636.0,1
144.0,1
147.0,1
148.0,1
206.0,1
591.0,1
593.0,1
647.0,1
639.0,1
640.0,1
642.0,1
643.0,1
222.0,1
227.0,1
213.0,1
214.0,1
216.0,1
217.0,1
219.0,1
205.0,1
158.0,1
164.0,1
149.0,1
150.0,1
151.0,1
153.0,1
154.0,1
141.0,1
654.0,1
112.0,1
115.0,1
167.0,1
169.0,1
170.0,1
171.0,1
157.0,1
682.0,1
683.0,1
669.0,1
670.0,1
671.0,1
675.0,1
663.0,1
666.0,1
184.0,1
185.0,1
173.0,1
624.0,1
628.0,1
677.0,1
680.0,1
681.0,1
687.0,1
688.0,1
689.0,1
692.0,1
741.0,1
743.0,1
744.0,1
745.0,1
702.0,1
703.0,1
706.0,1
707.0,1
695.0,1
696.0,1
698.0,1
686.0,1
119.0,1
655.0,1
657.0,1
658.0,1
710.0,1
711.0,1
714.0,1
701.0,1
84.0,1
133.0,1
136.0,1
138.0,1
139.0,1
126.0,1
129.0,1
131.0,1
781.0,1
782.0,1
15.0,1
4.0,1
3.0,1
2.0,1
19.0,1
786.0,1
811.0,1
12.0,1
797.0,1
790.0,1
792.0,1
793.0,1
794.0,1
795.0,1
59.0,1
719.0,1
720.0,1
721.0,1
722.0,1
805.0,1
808.0,1
809.0,1
75.0,1
76.0,1
61.0,1
64.0,1
67.0,1
53.0,1
54.0,1
56.0,1
369.0,1
370.0,1
371.0,1
421.0,1
423.0,1
426.0,1
413.0,1
417.0,1
459.0,1
446.0,1
447.0,1
448.0,1
437.0,1
440.0,1
429.0,1
367.0,1
28.0,1
5.0,1
401.0,1
402.0,1
403.0,1
453.0,1
455.0,1
456.0,1
787.0,1
40.0,1
35.0,1
21.0,1
22.0,1
23.0,1
24.0,1
25.0,1
