bin_lower_angstrom,bin_upper_angstrom,contact_residue_count,noncontact_residue_count
0.0,0.25,89,0
0.25,0.5,548,0
0.5,0.75,1209,0
0.75,1.0,1789,0
1.0,1.25,1809,0
1.25,1.5,1913,0
1.5,1.75,1899,0
1.75,2.0,1996,0
2.0,2.25,2061,0
2.25,2.5,2132,0
2.5,2.75,2505,0
2.75,3.0,3395,0
3.0,3.25,5586,0
3.25,3.5,9613,0
3.5,3.75,16466,0
3.75,4.0,27429,0
4.0,4.25,0,41946
4.25,4.5,0,55381
4.5,4.75,0,60278
4.75,5.0,0,56665
5.0,5.25,0,51483
5.25,5.5,0,46679
5.5,5.75,0,42686
5.75,6.0,0,40670
6.0,6.25,0,39401
6.25,6.5,0,37813
6.5,6.75,0,37532
6.75,7.0,0,39195
7.0,7.25,0,43039
7.25,7.5,0,47714
7.5,7.75,0,52718
7.75,8.0,0,58352
8.0,8.25,0,60870
8.25,8.5,0,63621
8.5,8.75,0,64124
8.75,9.0,0,63603
9.0,9.25,0,62089
9.25,9.5,0,60784
9.5,9.75,0,58464
9.75,10.0,0,57151
10.0,10.25,0,55438
10.25,10.5,0,55083
10.5,10.75,0,55314
10.75,11.0,0,52815
11.0,11.25,0,53701
11.25,11.5,0,53365
11.5,11.75,0,54716
11.75,12.0,0,54972
12.0,12.25,0,55136
12.25,12.5,0,54283
12.5,12.75,0,54671
12.75,13.0,0,54866
13.0,13.25,0,55477
13.25,13.5,0,55362
13.5,13.75,0,54717
13.75,14.0,0,54662
14.0,14.25,0,53360
14.25,14.5,0,52081
14.5,14.75,0,53165
14.75,15.0,0,51640
15.0,15.25,0,52910
15.25,15.5,0,52197
15.5,15.75,0,51611
15.75,16.0,0,50884
16.0,16.25,0,51761
16.25,16.5,0,52548
16.5,16.75,0,52418
16.75,17.0,0,51789
17.0,17.25,0,51741
17.25,17.5,0,51548
17.5,17.75,0,51029
17.75,18.0,0,51850
18.0,18.25,0,50327
18.25,18.5,0,49339
18.5,18.75,0,48736
18.75,19.0,0,48218
19.0,19.25,0,48250
19.25,19.5,0,48353
19.5,19.75,0,47188
19.75,20.0,0,46446
20.0,20.25,0,46140
20.25,20.5,0,45855
20.5,20.75,0,45760
20.75,21.0,0,45752
21.0,21.25,0,45210
21.25,21.5,0,45294
21.5,21.75,0,44804
21.75,22.0,0,44688
22.0,22.25,0,44156
22.25,22.5,0,43513
22.5,22.75,0,43232
22.75,23.0,0,42431
23.0,23.25,0,42185
23.25,23.5,0,41424
23.5,23.75,0,41910
23.75,24.0,0,41620
24.0,24.25,0,41119
24.25,24.5,0,40454
24.5,24.75,0,39916
24.75,25.0,0,39146
25.0,25.25,0,39182
25.25,25.5,0,39303
25.5,25.75,0,38817
25.75,26.0,0,38360
26.0,26.25,0,37994
26.25,26.5,0,37867
26.5,26.75,0,37135
26.75,27.0,0,37428
27.0,27.25,0,37114
27.25,27.5,0,36775
27.5,27.75,0,36077
27.75,28.0,0,35628
28.0,28.25,0,34815
28.25,28.5,0,35208
28.5,28.75,0,34618
28.75,29.0,0,34903
29.0,29.25,0,34256
29.25,29.5,0,33398
29.5,29.75,0,33613
29.75,30.0,0,33145
30.0,30.25,0,32163
30.25,30.5,0,31671
30.5,30.75,0,31726
30.75,31.0,0,31220
31.0,31.25,0,31190
31.25,31.5,0,30530
31.5,31.75,0,30301
31.75,32.0,0,30802
32.0,32.25,0,30448
32.25,32.5,0,29924
32.5,32.75,0,28975
32.75,33.0,0,28163
33.0,33.25,0,28405
33.25,33.5,0,28031
33.5,33.75,0,28046
33.75,34.0,0,27453
34.0,34.25,0,26994
34.25,34.5,0,26042
34.5,34.75,0,26091
34.75,35.0,0,25794
35.0,35.25,0,25429
35.25,35.5,0,25767
35.5,35.75,0,25186
35.75,36.0,0,24852
36.0,36.25,0,24735
36.25,36.5,0,24925
36.5,36.75,0,24193
36.75,37.0,0,23704
37.0,37.25,0,23301
37.25,37.5,0,23279
37.5,37.75,0,23081
37.75,38.0,0,22532
38.0,38.25,0,22346
38.25,38.5,0,22319
38.5,38.75,0,22292
38.75,39.0,0,22203
39.0,39.25,0,21880
39.25,39.5,0,21514
39.5,39.75,0,21331
39.75,40.0,0,21095
40.0,40.25,0,20916
40.25,40.5,0,21013
40.5,40.75,0,20701
40.75,41.0,0,20577
41.0,41.25,0,20038
41.25,41.5,0,19832
41.5,41.75,0,19401
41.75,42.0,0,19523
42.0,42.25,0,19448
42.25,42.5,0,19348
42.5,42.75,0,18678
42.75,43.0,0,18612
43.0,43.25,0,18401
43.25,43.5,0,18150
43.5,43.75,0,18148
43.75,44.0,0,17946
44.0,44.25,0,17487
44.25,44.5,0,17568
44.5,44.75,0,17502
44.75,45.0,0,17354
45.0,45.25,0,16964
45.25,45.5,0,16879
45.5,45.75,0,17039
45.75,46.0,0,16517
46.0,46.25,0,16446
46.25,46.5,0,16222
46.5,46.75,0,15920
46.75,47.0,0,15742
47.0,47.25,0,15655
47.25,47.5,0,15557
47.5,47.75,0,15826
47.75,48.0,0,15242
48.0,48.25,0,15207
48.25,48.5,0,15097
48.5,48.75,0,14608
48.75,49.0,0,14613
49.0,49.25,0,14371
49.25,49.5,0,14182
49.5,49.75,0,14344
49.75,50.0,0,14572
50.0,50.25,0,14197
50.25,50.5,0,14138
50.5,50.75,0,14082
50.75,51.0,0,14035
51.0,51.25,0,13543
51.25,51.5,0,13489
51.5,51.75,0,13184
51.75,52.0,0,13139
52.0,52.25,0,12901
52.25,52.5,0,13002
52.5,52.75,0,12219
52.75,53.0,0,12514
53.0,53.25,0,12681
53.25,53.5,0,12372
53.5,53.75,0,11915
53.75,54.0,0,12123
54.0,54.25,0,12070
54.25,54.5,0,11891
54.5,54.75,0,11913
54.75,55.0,0,11753
55.0,55.25,0,11515
55.25,55.5,0,11473
55.5,55.75,0,11162
55.75,56.0,0,11233
56.0,56.25,0,10863
56.25,56.5,0,10992
56.5,56.75,0,10530
56.75,57.0,0,10250
57.0,57.25,0,10335
57.25,57.5,0,10229
57.5,57.75,0,10370
57.75,58.0,0,10263
58.0,58.25,0,10110
58.25,58.5,0,10175
58.5,58.75,0,9931
58.75,59.0,0,9634
59.0,59.25,0,9434
59.25,59.5,0,9415
59.5,59.75,0,9189
59.75,60.0,0,9382
60.0,60.25,0,9255
60.25,60.5,0,9033
60.5,60.75,0,8887
60.75,61.0,0,8902
61.0,61.25,0,8681
61.25,61.5,0,8397
61.5,61.75,0,8481
61.75,62.0,0,8545
62.0,62.25,0,8696
62.25,62.5,0,8390
62.5,62.75,0,8231
62.75,63.0,0,8070
63.0,63.25,0,7973
63.25,63.5,0,7880
63.5,63.75,0,7844
63.75,64.0,0,7841
64.0,64.25,0,7639
64.25,64.5,0,7388
64.5,64.75,0,7363
64.75,65.0,0,7241
65.0,65.25,0,7238
65.25,65.5,0,7058
65.5,65.75,0,6938
65.75,66.0,0,6922
66.0,66.25,0,6534
66.25,66.5,0,6640
66.5,66.75,0,6540
66.75,67.0,0,6701
67.0,67.25,0,6462
67.25,67.5,0,6493
67.5,67.75,0,6285
67.75,68.0,0,6405
68.0,68.25,0,5926
68.25,68.5,0,5911
68.5,68.75,0,5899
68.75,69.0,0,5950
69.0,69.25,0,5823
69.25,69.5,0,5988
69.5,69.75,0,5710
69.75,70.0,0,5711
70.0,70.25,0,5413
70.25,70.5,0,5286
70.5,70.75,0,5297
70.75,71.0,0,5281
71.0,71.25,0,5042
71.25,71.5,0,5100
71.5,71.75,0,4971
71.75,72.0,0,4866
72.0,72.25,0,4780
72.25,72.5,0,4705
72.5,72.75,0,4733
72.75,73.0,0,4549
73.0,73.25,0,4683
73.25,73.5,0,4416
73.5,73.75,0,4505
73.75,74.0,0,4392
74.0,74.25,0,4494
74.25,74.5,0,4512
74.5,74.75,0,4462
74.75,75.0,0,4398
75.0,75.25,0,4282
75.25,75.5,0,4210
75.5,75.75,0,4152
75.75,76.0,0,3980
76.0,76.25,0,4111
76.25,76.5,0,3891
76.5,76.75,0,3969
76.75,77.0,0,3729
77.0,77.25,0,3672
77.25,77.5,0,3821
77.5,77.75,0,3826
77.75,78.0,0,3577
78.0,78.25,0,3768
78.25,78.5,0,3721
78.5,78.75,0,3741
78.75,79.0,0,3732
79.0,79.25,0,3598
79.25,79.5,0,3659
79.5,79.75,0,3645
79.75,80.0,0,3632
80.0,80.25,0,3639
80.25,80.5,0,3544
80.5,80.75,0,3396
80.75,81.0,0,3486
81.0,81.25,0,3330
81.25,81.5,0,3400
81.5,81.75,0,3292
81.75,82.0,0,3217
82.0,82.25,0,3221
82.25,82.5,0,3254
82.5,82.75,0,3111
82.75,83.0,0,3066
83.0,83.25,0,3097
83.25,83.5,0,3082
83.5,83.75,0,2954
83.75,84.0,0,3160
84.0,84.25,0,3136
84.25,84.5,0,3121
84.5,84.75,0,2910
84.75,85.0,0,3099
85.0,85.25,0,2995
85.25,85.5,0,2905
85.5,85.75,0,2846
85.75,86.0,0,2932
86.0,86.25,0,2801
86.25,86.5,0,2894
86.5,86.75,0,2940
86.75,87.0,0,2698
87.0,87.25,0,2858
87.25,87.5,0,2825
87.5,87.75,0,2638
87.75,88.0,0,2684
88.0,88.25,0,2700
88.25,88.5,0,2848
88.5,88.75,0,2845
88.75,89.0,0,2746
89.0,89.25,0,2692
89.25,89.5,0,2573
89.5,89.75,0,2658
89.75,90.0,0,2537
90.0,90.25,0,2502
90.25,90.5,0,2579
90.5,90.75,0,2575
90.75,91.0,0,2408
91.0,91.25,0,2354
91.25,91.5,0,2441
91.5,91.75,0,2459
91.75,92.0,0,2469
92.0,92.25,0,2284
92.25,92.5,0,2326
92.5,92.75,0,2278
92.75,93.0,0,2182
93.0,93.25,0,2246
93.25,93.5,0,2286
93.5,93.75,0,2442
93.75,94.0,0,2413
94.0,94.25,0,2367
94.25,94.5,0,2218
94.5,94.75,0,2124
94.75,95.0,0,2077
95.0,95.25,0,2083
95.25,95.5,0,1931
95.5,95.75,0,2087
95.75,96.0,0,2015
96.0,96.25,0,1872
96.25,96.5,0,1839
96.5,96.75,0,1909
96.75,97.0,0,1851
97.0,97.25,0,1939
97.25,97.5,0,1913
97.5,97.75,0,1920
97.75,98.0,0,1919
98.0,98.25,0,1836
98.25,98.5,0,1759
98.5,98.75,0,1728
98.75,99.0,0,1694
99.0,99.25,0,1817
99.25,99.5,0,1811
99.5,99.75,0,1722
99.75,100.0,0,1791
100.0,100.25,0,1776
100.25,100.5,0,1774
100.5,100.75,0,1713
100.75,101.0,0,1764
101.0,101.25,0,1820
101.25,101.5,0,1767
101.5,101.75,0,1719
101.75,102.0,0,1649
102.0,102.25,0,1671
102.25,102.5,0,1767
102.5,102.75,0,1751
102.75,103.0,0,1611
103.0,103.25,0,1673
103.25,103.5,0,1561
103.5,103.75,0,1568
103.75,104.0,0,1523
104.0,104.25,0,1526
104.25,104.5,0,1657
104.5,104.75,0,1709
104.75,105.0,0,1624
105.0,105.25,0,1534
105.25,105.5,0,1540
105.5,105.75,0,1472
105.75,106.0,0,1587
106.0,106.25,0,1588
106.25,106.5,0,1420
106.5,106.75,0,1445
106.75,107.0,0,1445
107.0,107.25,0,1494
107.25,107.5,0,1466
107.5,107.75,0,1412
107.75,108.0,0,1441
108.0,108.25,0,1459
108.25,108.5,0,1485
108.5,108.75,0,1337
108.75,109.0,0,1393
109.0,109.25,0,1321
109.25,109.5,0,1330
109.5,109.75,0,1368
109.75,110.0,0,1298
110.0,110.25,0,1260
110.25,110.5,0,1401
110.5,110.75,0,1309
110.75,111.0,0,1316
111.0,111.25,0,1345
111.25,111.5,0,1234
111.5,111.75,0,1233
111.75,112.0,0,1213
112.0,112.25,0,1286
112.25,112.5,0,1199
112.5,112.75,0,1125
112.75,113.0,0,1180
113.0,113.25,0,1181
113.25,113.5,0,1151
113.5,113.75,0,1195
113.75,114.0,0,1152
114.0,114.25,0,1094
114.25,114.5,0,1019
114.5,114.75,0,1004
114.75,115.0,0,1097
115.0,115.25,0,1109
115.25,115.5,0,1145
115.5,115.75,0,1088
115.75,116.0,0,1047
116.0,116.25,0,1019
116.25,116.5,0,1060
116.5,116.75,0,979
116.75,117.0,0,1064
117.0,117.25,0,1052
117.25,117.5,0,1099
117.5,117.75,0,1020
117.75,118.0,0,965
118.0,118.25,0,905
118.25,118.5,0,889
118.5,118.75,0,811
118.75,119.0,0,867
119.0,119.25,0,931
119.25,119.5,0,949
119.5,119.75,0,823
119.75,120.0,0,900
120.0,120.25,0,892
120.25,120.5,0,854
120.5,120.75,0,832
120.75,121.0,0,878
121.0,121.25,0,896
121.25,121.5,0,903
121.5,121.75,0,904
121.75,122.0,0,889
122.0,122.25,0,773
122.25,122.5,0,788
122.5,122.75,0,716
122.75,123.0,0,831
123.0,123.25,0,766
123.25,123.5,0,808
123.5,123.75,0,710
123.75,124.0,0,758
124.0,124.25,0,706
124.25,124.5,0,686
124.5,124.75,0,686
124.75,125.0,0,688
125.0,125.25,0,694
125.25,125.5,0,687
125.5,125.75,0,688
125.75,126.0,0,660
126.0,126.25,0,691
126.25,126.5,0,579
126.5,126.75,0,616
126.75,127.0,0,591
127.0,127.25,0,611
127.25,127.5,0,603
127.5,127.75,0,621
127.75,128.0,0,569
128.0,128.25,0,578
128.25,128.5,0,536
128.5,128.75,0,544
128.75,129.0,0,562
129.0,129.25,0,540
129.25,129.5,0,480
129.5,129.75,0,479
129.75,130.0,0,432
130.0,130.25,0,470
130.25,130.5,0,418
130.5,130.75,0,412
130.75,131.0,0,367
131.0,131.25,0,417
131.25,131.5,0,394
131.5,131.75,0,464
131.75,132.0,0,394
132.0,132.25,0,413
132.25,132.5,0,401
132.5,132.75,0,418
132.75,133.0,0,404
133.0,133.25,0,435
133.25,133.5,0,425
133.5,133.75,0,390
133.75,134.0,0,346
134.0,134.25,0,384
134.25,134.5,0,360
134.5,134.75,0,330
134.75,135.0,0,380
135.0,135.25,0,354
135.25,135.5,0,379
135.5,135.75,0,321
135.75,136.0,0,402
136.0,136.25,0,365
136.25,136.5,0,388
136.5,136.75,0,349
136.75,137.0,0,338
137.0,137.25,0,325
137.25,137.5,0,300
137.5,137.75,0,324
137.75,138.0,0,281
138.0,138.25,0,280
138.25,138.5,0,315
138.5,138.75,0,279
138.75,139.0,0,262
139.0,139.25,0,289
139.25,139.5,0,279
139.5,139.75,0,285
139.75,140.0,0,302
140.0,140.25,0,269
140.25,140.5,0,239
140.5,140.75,0,255
140.75,141.0,0,233
141.0,141.25,0,268
141.25,141.5,0,265
141.5,141.75,0,253
141.75,142.0,0,242
142.0,142.25,0,228
142.25,142.5,0,241
142.5,142.75,0,232
142.75,143.0,0,245
143.0,143.25,0,215
143.25,143.5,0,216
143.5,143.75,0,208
143.75,144.0,0,209
144.0,144.25,0,203
144.25,144.5,0,207
144.5,144.75,0,207
144.75,145.0,0,181
145.0,145.25,0,211
145.25,145.5,0,193
145.5,145.75,0,183
145.75,146.0,0,173
146.0,146.25,0,186
146.25,146.5,0,165
146.5,146.75,0,177
146.75,147.0,0,164
147.0,147.25,0,169
147.25,147.5,0,167
147.5,147.75,0,168
147.75,148.0,0,177
148.0,148.25,0,169
148.25,148.5,0,147
148.5,148.75,0,149
148.75,149.0,0,159
149.0,149.25,0,158
149.25,149.5,0,155
149.5,149.75,0,151
149.75,150.0,0,138
150.0,150.25,0,150
150.25,150.5,0,144
150.5,150.75,0,157
150.75,151.0,0,132
151.0,151.25,0,150
151.25,151.5,0,170
151.5,151.75,0,131
151.75,152.0,0,148
152.0,152.25,0,140
152.25,152.5,0,144
152.5,152.75,0,143
152.75,153.0,0,120
153.0,153.25,0,145
153.25,153.5,0,145
153.5,153.75,0,152
153.75,154.0,0,154
154.0,154.25,0,150
154.25,154.5,0,157
154.5,154.75,0,124
154.75,155.0,0,135
155.0,155.25,0,135
155.25,155.5,0,135
155.5,155.75,0,149
155.75,156.0,0,136
156.0,156.25,0,129
156.25,156.5,0,130
156.5,156.75,0,122
156.75,157.0,0,128
157.0,157.25,0,128
157.25,157.5,0,119
157.5,157.75,0,130
157.75,158.0,0,137
158.0,158.25,0,151
158.25,158.5,0,133
158.5,158.75,0,141
158.75,159.0,0,129
159.0,159.25,0,106
159.25,159.5,0,137
159.5,159.75,0,116
159.75,160.0,0,132
160.0,160.25,0,114
160.25,160.5,0,117
160.5,160.75,0,130
160.75,161.0,0,124
161.0,161.25,0,109
161.25,161.5,0,129
161.5,161.75,0,123
161.75,162.0,0,125
162.0,162.25,0,117
162.25,162.5,0,113
162.5,162.75,0,103
162.75,163.0,0,117
163.0,163.25,0,120
163.25,163.5,0,114
163.5,163.75,0,109
163.75,164.0,0,111
164.0,164.25,0,122
164.25,164.5,0,124
164.5,164.75,0,131
164.75,165.0,0,124
165.0,165.25,0,115
165.25,165.5,0,96
165.5,165.75,0,126
165.75,166.0,0,111
166.0,166.25,0,107
166.25,166.5,0,110
166.5,166.75,0,123
166.75,167.0,0,105
167.0,167.25,0,94
167.25,167.5,0,110
167.5,167.75,0,119
167.75,168.0,0,105
168.0,168.25,0,103
168.25,168.5,0,89
168.5,168.75,0,113
168.75,169.0,0,111
169.0,169.25,0,106
169.25,169.5,0,108
169.5,169.75,0,87
169.75,170.0,0,85
170.0,170.25,0,104
170.25,170.5,0,84
170.5,170.75,0,105
170.75,171.0,0,76
171.0,171.25,0,79
171.25,171.5,0,73
171.5,171.75,0,101
171.75,172.0,0,83
172.0,172.25,0,64
172.25,172.5,0,71
172.5,172.75,0,68
172.75,173.0,0,64
173.0,173.25,0,74
173.25,173.5,0,75
173.5,173.75,0,74
173.75,174.0,0,89
174.0,174.25,0,67
174.25,174.5,0,66
174.5,174.75,0,62
174.75,175.0,0,62
175.0,175.25,0,62
175.25,175.5,0,72
175.5,175.75,0,65
175.75,176.0,0,73
176.0,176.25,0,73
176.25,176.5,0,58
176.5,176.75,0,58
176.75,177.0,0,61
177.0,177.25,0,48
177.25,177.5,0,53
177.5,177.75,0,50
177.75,178.0,0,48
178.0,178.25,0,56
178.25,178.5,0,51
178.5,178.75,0,48
178.75,179.0,0,52
179.0,179.25,0,65
179.25,179.5,0,53
179.5,179.75,0,46
179.75,180.0,0,51
180.0,180.25,0,50
180.25,180.5,0,62
180.5,180.75,0,59
180.75,181.0,0,48
181.0,181.25,0,43
181.25,181.5,0,46
181.5,181.75,0,40
181.75,182.0,0,52
182.0,182.25,0,43
182.25,182.5,0,60
182.5,182.75,0,55
182.75,183.0,0,46
183.0,183.25,0,54
183.25,183.5,0,46
183.5,183.75,0,52
183.75,184.0,0,43
184.0,184.25,0,43
184.25,184.5,0,34
184.5,184.75,0,44
184.75,185.0,0,40
185.0,185.25,0,46
185.25,185.5,0,48
185.5,185.75,0,64
185.75,186.0,0,50
186.0,186.25,0,45
186.25,186.5,0,53
186.5,186.75,0,41
186.75,187.0,0,28
187.0,187.25,0,36
187.25,187.5,0,44
187.5,187.75,0,36
187.75,188.0,0,35
188.0,188.25,0,37
188.25,188.5,0,49
188.5,188.75,0,45
188.75,189.0,0,38
189.0,189.25,0,43
189.25,189.5,0,40
189.5,189.75,0,41
189.75,190.0,0,46
190.0,190.25,0,35
190.25,190.5,0,37
190.5,190.75,0,48
190.75,191.0,0,43
191.0,191.25,0,36
191.25,191.5,0,37
191.5,191.75,0,43
191.75,192.0,0,42
192.0,192.25,0,30
192.25,192.5,0,37
192.5,192.75,0,37
192.75,193.0,0,32
193.0,193.25,0,29
193.25,193.5,0,31
193.5,193.75,0,35
193.75,194.0,0,39
194.0,194.25,0,35
194.25,194.5,0,30
194.5,194.75,0,23
194.75,195.0,0,26
195.0,195.25,0,25
195.25,195.5,0,31
195.5,195.75,0,27
195.75,196.0,0,32
196.0,196.25,0,30
196.25,196.5,0,30
196.5,196.75,0,27
196.75,197.0,0,30
197.0,197.25,0,23
197.25,197.5,0,20
197.5,197.75,0,24
197.75,198.0,0,14
198.0,198.25,0,20
198.25,198.5,0,18
198.5,198.75,0,16
198.75,199.0,0,22
199.0,199.25,0,15
199.25,199.5,0,20
199.5,199.75,0,26
199.75,200.0,0,18
200.0,200.25,0,16
200.25,200.5,0,19
200.5,200.75,0,12
200.75,201.0,0,12
201.0,201.25,0,15
201.25,201.5,0,20
201.5,201.75,0,10
201.75,202.0,0,21
202.0,202.25,0,15
202.25,202.5,0,20
202.5,202.75,0,17
202.75,203.0,0,12
203.0,203.25,0,20
203.25,203.5,0,17
203.5,203.75,0,18
203.75,204.0,0,11
204.0,204.25,0,9
204.25,204.5,0,15
204.5,204.75,0,7
204.75,205.0,0,18
205.0,205.25,0,9
205.25,205.5,0,13
205.5,205.75,0,9
205.75,206.0,0,18
206.0,206.25,0,19
206.25,206.5,0,13
206.5,206.75,0,11
206.75,207.0,0,16
207.0,207.25,0,15
207.25,207.5,0,16
207.5,207.75,0,12
207.75,208.0,0,14
208.0,208.25,0,6
208.25,208.5,0,7
208.5,208.75,0,7
208.75,209.0,0,7
209.0,209.25,0,12
209.25,209.5,0,17
209.5,209.75,0,7
209.75,210.0,0,6
210.0,210.25,0,9
210.25,210.5,0,10
210.5,210.75,0,6
210.75,211.0,0,11
211.0,211.25,0,6
211.25,211.5,0,6
211.5,211.75,0,12
211.75,212.0,0,8
212.0,212.25,0,5
212.25,212.5,0,7
212.5,212.75,0,8
212.75,213.0,0,6
213.0,213.25,0,7
213.25,213.5,0,8
213.5,213.75,0,5
213.75,214.0,0,5
214.0,214.25,0,10
214.25,214.5,0,9
214.5,214.75,0,8
214.75,215.0,0,8
215.0,215.25,0,4
215.25,215.5,0,11
215.5,215.75,0,7
215.75,216.0,0,10
216.0,216.25,0,5
216.25,216.5,0,5
216.5,216.75,0,11
216.75,217.0,0,5
217.0,217.25,0,10
217.25,217.5,0,2
217.5,217.75,0,9
217.75,218.0,0,5
218.0,218.25,0,6
218.25,218.5,0,5
218.5,218.75,0,4
218.75,219.0,0,7
219.0,219.25,0,3
219.25,219.5,0,8
219.5,219.75,0,12
219.75,220.0,0,7
220.0,220.25,0,5
220.25,220.5,0,8
220.5,220.75,0,10
220.75,221.0,0,9
221.0,221.25,0,4
221.25,221.5,0,7
221.5,221.75,0,12
221.75,222.0,0,8
222.0,222.25,0,11
222.25,222.5,0,0
222.5,222.75,0,8
222.75,223.0,0,12
223.0,223.25,0,11
223.25,223.5,0,11
223.5,223.75,0,10
223.75,224.0,0,8
224.0,224.25,0,4
224.25,224.5,0,6
224.5,224.75,0,13
224.75,225.0,0,7
225.0,225.25,0,9
225.25,225.5,0,7
225.5,225.75,0,6
225.75,226.0,0,10
226.0,226.25,0,8
226.25,226.5,0,7
226.5,226.75,0,8
226.75,227.0,0,16
227.0,227.25,0,8
227.25,227.5,0,7
227.5,227.75,0,13
227.75,228.0,0,8
228.0,228.25,0,8
228.25,228.5,0,4
228.5,228.75,0,10
228.75,229.0,0,8
229.0,229.25,0,11
229.25,229.5,0,7
229.5,229.75,0,7
229.75,230.0,0,7
230.0,230.25,0,10
230.25,230.5,0,9
230.5,230.75,0,11
230.75,231.0,0,12
231.0,231.25,0,9
231.25,231.5,0,8
231.5,231.75,0,11
231.75,232.0,0,5
232.0,232.25,0,8
232.25,232.5,0,7
232.5,232.75,0,10
232.75,233.0,0,11
233.0,233.25,0,5
233.25,233.5,0,5
233.5,233.75,0,12
233.75,234.0,0,8
234.0,234.25,0,10
234.25,234.5,0,6
234.5,234.75,0,10
234.75,235.0,0,12
235.0,235.25,0,9
235.25,235.5,0,11
235.5,235.75,0,8
235.75,236.0,0,9
236.0,236.25,0,13
236.25,236.5,0,7
236.5,236.75,0,14
236.75,237.0,0,11
237.0,237.25,0,6
237.25,237.5,0,8
237.5,237.75,0,12
237.75,238.0,0,13
238.0,238.25,0,11
238.25,238.5,0,5
238.5,238.75,0,6
238.75,239.0,0,10
239.0,239.25,0,8
239.25,239.5,0,11
239.5,239.75,0,9
239.75,240.0,0,8
240.0,240.25,0,8
240.25,240.5,0,12
240.5,240.75,0,10
240.75,241.0,0,9
241.0,241.25,0,12
241.25,241.5,0,7
241.5,241.75,0,16
241.75,242.0,0,6
242.0,242.25,0,10
242.25,242.5,0,11
242.5,242.75,0,12
242.75,243.0,0,13
243.0,243.25,0,14
243.25,243.5,0,10
243.5,243.75,0,10
243.75,244.0,0,9
244.0,244.25,0,13
244.25,244.5,0,7
244.5,244.75,0,6
244.75,245.0,0,7
245.0,245.25,0,10
245.25,245.5,0,8
245.5,245.75,0,14
245.75,246.0,0,13
246.0,246.25,0,14
246.25,246.5,0,12
246.5,246.75,0,6
246.75,247.0,0,15
247.0,247.25,0,10
247.25,247.5,0,13
247.5,247.75,0,10
247.75,248.0,0,7
248.0,248.25,0,3
248.25,248.5,0,11
248.5,248.75,0,8
248.75,249.0,0,5
249.0,249.25,0,3
249.25,249.5,0,5
249.5,249.75,0,5
249.75,250.0,0,8
250.0,250.25,0,7
250.25,250.5,0,6
250.5,250.75,0,5
250.75,251.0,0,6
251.0,251.25,0,5
251.25,251.5,0,4
251.5,251.75,0,10
251.75,252.0,0,3
252.0,252.25,0,7
252.25,252.5,0,4
252.5,252.75,0,8
252.75,253.0,0,5
253.0,253.25,0,3
253.25,253.5,0,6
253.5,253.75,0,5
253.75,254.0,0,8
254.0,254.25,0,1
254.25,254.5,0,8
254.5,254.75,0,8
254.75,255.0,0,6
255.0,255.25,0,3
255.25,255.5,0,5
255.5,255.75,0,4
255.75,256.0,0,6
256.0,256.25,0,4
256.25,256.5,0,4
256.5,256.75,0,2
256.75,257.0,0,5
257.0,257.25,0,7
257.25,257.5,0,3
257.5,257.75,0,3
257.75,258.0,0,9
258.0,258.25,0,4
258.25,258.5,0,3
258.5,258.75,0,5
258.75,259.0,0,1
259.0,259.25,0,2
259.25,259.5,0,1
259.5,259.75,0,0
259.75,260.0,0,3
260.0,260.25,0,1
260.25,260.5,0,0
260.5,260.75,0,1
260.75,261.0,0,0
261.0,261.25,0,0
261.25,261.5,0,2
261.5,261.75,0,1
261.75,262.0,0,1
262.0,262.25,0,0
262.25,262.5,0,0
262.5,262.75,0,1
262.75,263.0,0,0
263.0,263.25,0,0
263.25,263.5,0,0
263.5,263.75,0,1
263.75,264.0,0,1
264.0,264.25,0,0
264.25,264.5,0,2
264.5,264.75,0,0
264.75,265.0,0,0
265.0,265.25,0,0
265.25,265.5,0,2
265.5,265.75,0,0
265.75,266.0,0,0
266.0,266.25,0,0
266.25,266.5,0,0
266.5,266.75,0,0
266.75,267.0,0,0
267.0,267.25,0,0
267.25,267.5,0,0
267.5,267.75,0,0
267.75,268.0,0,0
268.0,268.25,0,1
268.25,268.5,0,0
268.5,268.75,0,0
268.75,269.0,0,0
269.0,269.25,0,0
269.25,269.5,0,1
269.5,269.75,0,0
269.75,270.0,0,0
